First,Last
Jason,Roberts
Jeffrey,Lipman
David,Nicolau
George,Drusano
Johan,Mouton
Joseph,Kuti
William,Craig
Federico,Pea
Thomas,Lodise
Alan,Forrest
Arantxazu,Isla
Jerome,Schentag
Andrés,Canut
Fekade,Sime
Mohd,Abdul-Aziz
Michael,Rybak
Jan,De Waele
Fabio,Taccone
Alicia,Rodríguez-Gascón
David,Andes
Paul,Ambrose
Birgit,P. Koch
Alexander,Vinks
George,Drusano
Alan,Abdulla
Aaron,Heffernan
Jordi,Rello
Peggy,McKinnon
David,Burgess
Steven,Wallis
Carl,J. Kirkpatrick
Michael,Neely
Hartmut,Derendorf
Ben,Lomaestro
Keith,Rodvold
María,Solinís
David,Burgess
Anouk,Muller
Henrik,Endeman
Alan,Forrest
Milo,Gatti
David,Burgess
Arantxa,Isla
Nieko,Punt
Anand,Kumar
Andrew,Rhodes
Teun,Gelder
Donald,Levine
Michael,Roberts
José,Pedraz
John,Turnidge
Arnold,Louie
William,Hope
Sujata,Bhavnani
Otto,Frey
John,Rotschafer
Robert,Ariano
Alicia,Labora
Sheryl,Zelenitsky
Milo,Gatti
Tim,Ewoldt
Sonya,Girdwood
Marta,Ulldemolins
George,Drusano
Pierluigi,Viale
Sandra,Preston
George,Dimopoulos
Angela,Huttner
Tim,Felton
Mary,Birmingham
Christopher,Frei
John,van den Anker
Therese,Starr
Matteo,Bassetti
Marc,Scheetz
Nicole,M Hunfeld
John,Bradley
Anouk,Muller
Menino,Cotta
Wright,Nichols
Alicia,Gascón
Jennifer,Kaplan
Claude,Martin
Jacobus,Ungerer
Bruce,Mueller
Susan,Lewis
Daniel,Backer
Andrew,Udy
Philippe,Montravers
Veronique,Stove
Markus,Zeitlinger
Despoina,Koulenti
Francesco,Scaglione
Sylvain,Goutelle
Stijn,Blot
Jürgen,Bulitta
Ursula,Theuretzbacher
Patrick,Lahni
M.,Lorrot
Charles,Ballow
